cc_num,spend_tier,transactions,total_spend,total_revenue
6011367958204270,High Spender,3110,296436.73,5335.86
4908846471916297,High Spender,3036,289354.03,5208.37
6011893664860915,High Spender,3090,278325.97,5009.87
6011438889172900,High Spender,3092,278239.89,5008.32
3583635130604947,High Spender,3026,278042.99,5004.77
6011109736646996,High Spender,3099,277859.12,5001.46
36722699017270,High Spender,3112,277354.94,4992.39
2712209726293386,High Spender,3064,277085.65,4987.54
4836998673805450,High Spender,3023,275074.9,4951.35
3590736522064285,High Spender,3073,272278.56,4901.01
180094419304907,High Spender,3022,271983.75,4895.71
3566094707272327,High Spender,3031,271203.42,4881.66
213141712584544,High Spender,3043,270705.23,4872.69
372509258176510,High Spender,3046,270617.49,4871.11
180048185037117,High Spender,3066,269376.99,4848.79
344709867813900,High Spender,3013,267272.84,4810.91
3521417320836166,High Spender,3026,266738.21,4801.29
6538891242532018,High Spender,3056,260856.12,4695.41
4792627764422477317,High Spender,3077,258373.89,4650.73
3576431665303017,High Spender,3021,256423.37,4615.62
4939976756738216,High Spender,3026,255323.83,4595.83
3551217896304745,High Spender,3052,254028.04,4572.5
3586008444788268,High Spender,2602,238545.08,4293.81
4646845581490336108,High Spender,2582,237516.52,4275.3
213157767990030,High Spender,2548,233670.53,4206.07
3518234918950662,High Spender,2590,231510.73,4167.19
180031190491743,High Spender,2525,230994.47,4157.9
3598215285024754,High Spender,2570,227928.31,4102.71
3531129874770000,High Spender,2517,226506.67,4077.12
4861310130652566408,High Spender,2524,224708.15,4044.75
30551643947183,High Spender,2585,223866.0,4029.59
4745996322265,High Spender,2912,223784.75,4028.13
346273234529002,High Spender,2596,222928.69,4012.72
4681601008538160,High Spender,2558,222583.54,4006.5
6011724471098086,High Spender,2565,222018.03,3996.32
6538441737335434,High Spender,2918,221146.62,3980.64
30131826429364,High Spender,2575,220598.18,3970.77
373905417449658,High Spender,2549,220584.37,3970.52
30044330818990,High Spender,2512,217387.98,3912.98
30199621383748,High Spender,2564,216981.43,3905.67
36913587729122,High Spender,2498,215804.74,3884.49
567868110212,High Spender,2555,211568.7,3808.24
4586810168620942,High Spender,2908,210475.14,3788.55
370877495212014,High Spender,2565,210311.33,3785.6
372520049757633,High Spender,2967,208063.6,3745.14
30273037698427,High Spender,2941,207333.66,3732.01
4587657402165341815,High Spender,2910,206592.45,3718.66
2242542703101233,High Spender,2934,202994.4,3653.9
376028110684021,High Spender,2042,201555.22,3627.99
4301028321766222513,High Spender,2040,197624.19,3557.24
180011453250192,High Spender,2065,197492.15,3554.86
4223708906367574214,High Spender,2070,196931.41,3544.77
3534330126107879,High Spender,2080,196094.17,3529.7
3559160581764413,High Spender,2040,195763.1,3523.74
213193596103206,High Spender,2065,193964.47,3491.36
4683638447911,High Spender,2042,193678.29,3486.21
4149238353975790,High Spender,2065,193608.86,3484.96
38199021865320,High Spender,2084,193206.42,3477.72
4873783502705038,High Spender,2030,192159.74,3458.88
375534208663984,High Spender,2017,191974.21,3455.54
4841313716651064,High Spender,2040,191673.27,3450.12
4451952084362894,High Spender,2028,191140.27,3440.52
30428204673351,High Spender,2024,190033.12,3420.6
4457732997086323466,High Spender,2038,189761.79,3415.71
4446368897795790,High Spender,2054,189727.5,3415.1
30026790933302,High Spender,2035,189228.01,3406.1
2720012583106919,High Spender,2016,188818.77,3398.74
6506116513503136,High Spender,2087,188500.81,3393.01
180049032966888,High Spender,2081,188450.35,3392.11
3577578023716568,High Spender,2025,187828.36,3380.91
571365235126,High Spender,3113,187731.92,3379.17
4855488158131690372,High Spender,2031,187220.37,3369.97
630451534402,High Spender,3064,186685.25,3360.33
676102124465,High Spender,2085,185716.77,3342.9
630484879808,High Spender,1995,185624.01,3341.23
30197398657930,High Spender,2071,184672.54,3324.11
4997733566924489,High Spender,2051,184565.0,3322.17
342952484382519,High Spender,3090,184162.8,3314.93
3596217206093829,High Spender,3051,183914.73,3310.47
30074693890476,High Spender,2041,182771.04,3289.88
30030380240193,High Spender,2015,181290.92,3263.24
2252055259910912,High Spender,2016,180920.64,3256.57
4514242065619750,High Spender,2021,180762.9,3253.73
3500969075198072,High Spender,2443,180191.59,3243.45
4069975342931683,High Spender,2044,179908.11,3238.35
213112402583773,High Spender,3117,179368.37,3228.63
4642255475285942,High Spender,3028,179363.61,3228.54
4904681492230012,High Spender,3095,178563.56,3214.14
4998109455173950,High Spender,2036,178067.94,3205.22
571465035400,High Spender,1997,177825.6,3200.86
4003989662068504,High Spender,2553,177737.56,3199.28
2703186189652095,High Spender,2028,177233.44,3190.2
345933964507467,High Spender,3066,176227.64,3172.1
5540636818935089,High Spender,2585,173595.6,3124.72
630424987505,High Spender,3085,173451.11,3122.12
4512828414983801773,High Spender,3123,172868.53,3111.63
3575789281659026,High Spender,3076,171998.57,3095.97
3541160328600277,High Spender,2446,170818.82,3074.74
4809701904914,High Spender,2000,170732.45,3073.18
376445266762684,High Spender,3061,169807.22,3056.53
4560395181594436016,High Spender,1996,169340.86,3048.14
4099707841315751,High Spender,2607,169298.65,3047.38
30238755902988,High Spender,3071,169032.61,3042.59
213156747557083,High Spender,2603,167152.2,3008.74
6011652924285713,High Spender,3037,166674.07,3000.13
30270432095985,High Spender,3006,164394.46,2959.1
3553629419254918,High Spender,3079,163807.16,2948.53
630423337322,High Spender,3030,163466.44,2942.4
3589255887819806,High Spender,2519,163202.61,2937.65
6011504998544485,High Spender,3076,162288.33,2921.19
3560797065840735,High Spender,3045,161503.01,2907.05
4755696071492,High Spender,2591,159036.96,2862.67
4464457352619,High Spender,2564,158744.04,2857.39
4170689372027579,High Spender,2561,158570.9,2854.28
2264937662466770,High Spender,2549,158529.88,2853.54
4716561796955522,High Spender,3074,158245.1,2848.41
4561546772499,High Spender,2546,156458.84,2816.26
6534628260579800,High Spender,3097,155652.13,2801.74
2254917871818484,High Spender,2568,154336.2,2778.05
374930071163758,High Spender,2538,154174.9,2775.15
2720433095629877,High Spender,3091,153547.6,2763.86
4681699462969,High Spender,2569,153545.03,2763.81
4956828990005111019,High Spender,2556,153219.04,2757.94
3511378610369890,High Spender,2512,151624.79,2729.25
377026671291680,High Spender,2520,151550.61,2727.91
639023984367,High Spender,2548,150924.51,2716.64
3545109339866548,High Spender,3113,150914.97,2716.47
3589289942931264,High Spender,2537,150553.75,2709.97
503874407318,High Spender,2556,149925.73,2698.66
4900628639996,High Spender,2561,149193.51,2685.48
3525590521269779,High Spender,2546,149102.1,2683.84
4040099974063068803,High Spender,1523,148689.67,2676.41
4777065439639721,High Spender,1555,148544.79,2673.81
581293083266,High Spender,1548,148510.52,2673.19
3502088871723054,High Spender,2552,148500.69,2673.01
2475085306462014,High Spender,1535,148374.33,2670.74
3587044315915002,High Spender,1542,148142.75,2666.57
4979422371139333,High Spender,2039,148058.76,2665.06
30235438713303,High Spender,2540,147421.42,2653.59
180036456789979,High Spender,2575,146500.55,2637.01
4181833256558613886,High Spender,2564,146191.24,2631.44
4613314721966,High Spender,1505,145689.06,2622.4
38797410705641,High Spender,1538,145314.66,2615.66
2706977570537524,High Spender,1545,144387.14,2598.97
3595192916105588,High Spender,2513,143979.28,2591.63
3543591270174051,High Spender,2529,143862.3,2589.52
349612764943496,High Spender,1503,143816.03,2588.69
6011348830550197,High Spender,2555,143677.64,2586.2
30234966027947,High Spender,2563,143645.34,2585.62
4503101193493052864,High Spender,1544,143644.79,2585.61
676372984911,High Spender,2561,143525.39,2583.46
3521815216091574,High Spender,1502,143200.6,2577.61
3540210836308425,High Spender,1545,143144.9,2576.61
4935858973307492,High Spender,1540,143123.53,2576.22
3568736585751727,High Spender,1495,143120.52,2576.17
213178850083780,High Spender,1543,142971.66,2573.49
4005676619255478,High Spender,2538,142432.53,2563.79
30230540139182,High Spender,1543,142319.13,2561.74
4010002218955876,High Spender,1574,142029.58,2556.53
371226440126102,High Spender,2519,141815.6,2552.68
4536996888716062123,High Spender,2599,141570.5,2548.27
3561963695236764,High Spender,1539,141534.5,2547.62
4302480582202074,High Spender,2547,141102.0,2539.84
340951438290556,High Spender,1506,140951.06,2537.12
502038091380,High Spender,1565,140917.16,2536.51
340953839692349,High Spender,2542,140689.91,2532.42
4584931703207308232,High Spender,1551,140139.33,2522.51
3535808924394848,High Spender,1528,140027.33,2520.49
4452366298769043,High Spender,2547,139753.57,2515.56
342319985983023,High Spender,1529,139657.29,2513.83
6011104316292105,High Spender,2547,139539.66,2511.71
2229378226512508,High Spender,1544,139530.54,2511.55
4560004149983868183,High Spender,1539,139195.61,2505.52
36485887555770,High Spender,1952,138929.57,2500.73
4906628655840914250,High Spender,2573,138880.71,2499.85
581686439828,High Spender,2542,138745.19,2497.41
30442439074871,High Spender,1537,138672.4,2496.1
4344955088481397,High Spender,1515,138530.8,2493.55
3587960728692500,High Spender,1968,138131.68,2486.37
4623560839669,High Spender,2069,138003.86,2484.07
4874017206859125,High Spender,1572,137744.41,2479.4
4810839835482794272,High Spender,2042,137597.22,2476.75
4610050989831291,High Spender,1527,137097.22,2467.75
213148039875802,High Spender,1506,136962.42,2465.32
4926376199189801,High Spender,1550,136672.0,2460.1
630441765090,High Spender,2019,136489.73,2456.82
4334230547694630,High Spender,2039,136405.48,2455.3
561942763351,High Spender,1553,136100.04,2449.8
4178097073221156,High Spender,1538,135962.28,2447.32
342351256941125,High Spender,1550,135549.92,2439.9
4364010865167176,High Spender,2996,135284.25,2435.12
6011148190095209,High Spender,1519,135055.91,2431.01
4450831335606294,High Spender,2026,134783.74,2426.11
180067151859700,High Spender,1516,134483.24,2420.7
4089096483689733451,High Spender,1531,134419.73,2419.56
30135235368675,High Spender,1548,134193.92,2415.49
4992346398065154184,High Spender,2051,133237.93,2398.28
4328928491302401,High Spender,1542,133127.76,2396.3
3524574586339330,High Spender,1550,132384.42,2382.92
4173950183554608,High Spender,2035,132190.09,2379.42
30407675418785,High Spender,2041,132079.61,2377.43
6011329966782895,High Spender,1542,131984.87,2375.73
4147608975828480,High Spender,2070,131826.55,2372.88
6011388901471808,High Spender,2059,131746.34,2371.43
370612217861404,High Spender,1512,131671.12,2370.08
4862293128558,High Spender,2084,131005.47,2358.1
3527536963490470,High Spender,2488,130723.15,2353.02
4658490815480264,High Spender,2062,130711.5,2352.81
3582754887089201,High Spender,2039,129975.4,2339.56
3546897637165774,High Spender,2015,129188.09,2325.39
180018375329178,High Spender,1516,128683.14,2316.3
6011860238257910,High Spender,2082,128582.37,2314.48
4265776278887457,High Spender,2022,128461.62,2312.31
6011693194885790,High Spender,2558,128103.97,2305.87
2288813824604479,High Spender,1530,128102.94,2305.85
6593250708747804,High Spender,1550,127895.35,2302.12
3514865930894695,High Spender,2059,127748.5,2299.47
4990494243023,High Spender,2055,127457.18,2294.23
6597888193422452,High Spender,2054,127176.27,2289.17
38530489946071,High Spender,2044,127139.52,2288.51
3523898249167098,High Spender,2048,127087.59,2287.58
4586260469584,High Spender,2037,126776.07,2281.97
4988304376504,High Spender,2040,126529.23,2277.53
4634955908138648,High Spender,2047,126459.16,2276.26
180067784565096,High Spender,2051,126254.97,2272.59
3560725013359375,High Spender,2043,126182.65,2271.29
374497717543058,High Spender,2041,125721.42,2262.99
4424338559877976,High Spender,1986,125652.19,2261.74
4826655832045236,High Spender,2080,125558.0,2260.04
4736845434667908128,High Spender,2023,125228.69,2254.12
4509142395811241,High Spender,2016,125164.73,2252.97
4430881574719618,High Spender,2023,124850.2,2247.3
6517217825320610,High Spender,2072,124842.51,2247.17
3560318482131952,High Spender,2082,124695.19,2244.51
630469040731,High Spender,2047,124645.52,2243.62
4797297220948468262,High Spender,2541,124572.35,2242.3
3559679414981506,High Spender,1515,124463.31,2240.34
4191109180926792,High Spender,1521,124409.97,2239.38
4149635823017,High Spender,2009,124333.15,2238.0
5359543825610251,High Spender,2043,124324.86,2237.85
4839615922685395,High Spender,2098,124241.6,2236.35
2297447006766555,High Spender,2075,124194.62,2235.5
3556613125071656,High Spender,2540,123910.75,2230.39
3593118134380341,High Spender,2080,123890.17,2230.02
375248307838179,High Spender,2053,123872.39,2229.7
348789608637806,High Spender,2071,123627.65,2225.3
5456776410929288,High Spender,2032,122871.64,2211.69
3526826139003047,High Spender,2023,122500.26,2205.0
3567879740649740,High Spender,2053,122422.83,2203.61
3573030041201292,High Spender,2075,122394.42,2203.1
38588538868506,High Spender,2040,122260.0,2200.68
2254799658404120,High Spender,1522,122144.42,2198.6
584673555952,High Spender,2030,122131.7,2198.37
2283743876903625,High Spender,2549,122059.57,2197.07
3567697931646329,High Spender,2513,121871.46,2193.69
4128730454058057622,High Spender,2034,121737.63,2191.28
4319584480204988982,High Spender,2024,121646.13,2189.63
4653879239169997,High Spender,2564,120945.28,2177.02
4092452671396169678,High Spender,2037,120740.84,2173.34
4769426683924058915,High Spender,2018,120426.26,2167.67
213180742685905,High Spender,2036,120327.36,2165.89
377993105397617,High Spender,2048,120309.35,2165.57
30175986190993,High Spender,2051,120281.6,2165.07
3518669219150142,High Spender,2509,120101.83,2161.83
4079773899158,High Spender,2027,119953.1,2159.16
2235613922823698,High Spender,2003,119840.66,2157.13
3533012926413100,High Spender,2094,119803.5,2156.46
4640395708703,High Spender,2033,119536.16,2151.65
3576021480694169,High Spender,2511,119528.47,2151.51
4951647200979051,High Spender,2034,119210.12,2145.78
30118423745458,High Spender,2047,119164.03,2144.95
38580485618059,High Spender,2061,118829.75,2138.94
502012776709,High Spender,1987,118593.25,2134.68
30029052116970,High Spender,2080,118440.17,2131.92
4587577161160601,High Spender,2036,118228.32,2128.11
375974680629816,High Spender,2025,118120.78,2126.17
30501624614310,High Spender,2043,118062.08,2125.12
4671727014157745,High Spender,2046,118007.7,2124.14
3598304579370089,High Spender,2029,117962.49,2123.32
676195318214,High Spender,2043,117800.97,2120.42
3564839259330465,High Spender,2008,117447.69,2114.06
4449530933957323,High Spender,2031,117435.26,2113.83
2266735643685262,High Spender,2041,117281.1,2111.06
4400011257587661852,High Spender,2014,117106.37,2107.91
3533742182628021,High Spender,2577,117068.79,2107.24
573860193545,High Spender,2081,116757.86,2101.64
38052002992326,High Spender,2577,116689.34,2100.41
4377338765909719,High Spender,2066,116391.46,2095.05
377234009633447,High Spender,2011,116338.04,2094.08
4642894980163,High Spender,2011,115680.49,2082.25
4169759661243568,High Spender,2058,115624.1,2081.23
36078114201167,High Spender,2008,115493.35,2078.88
3596357274378601,High Spender,2070,115412.23,2077.42
4294930380592,High Spender,2060,115142.68,2072.57
377113842678100,High Spender,2017,114359.47,2058.47
180042946491150,High Spender,2021,114339.47,2058.11
3513618443244549,High Spender,2014,114334.59,2058.02
676281772837,High Spender,1524,114334.38,2058.02
213178765398315,High Spender,1995,114220.54,2055.97
4158945090781624,High Spender,2058,114164.82,2054.97
3501509250702469,High Spender,2054,113789.91,2048.22
6554245334757802,High Spender,1532,113650.42,2045.71
4708992452821239,High Spender,2014,113633.02,2045.39
676369110710,Mid Spender,2049,113588.93,2044.6
2248735346244816,Mid Spender,2030,113335.25,2040.03
2383461948823908,Mid Spender,2022,113223.5,2038.02
4500002361389,Mid Spender,2002,112835.37,2031.04
3583793405872580,Mid Spender,2026,112757.89,2029.64
4198470814557,Mid Spender,2016,112730.38,2029.15
345389171551808,Mid Spender,2078,112430.29,2023.75
375767678113375,Mid Spender,1504,112427.52,2023.7
2576709887791552,Mid Spender,1538,112274.65,2020.94
4476840372112,Mid Spender,2109,111276.82,2002.98
3568255211412877,Mid Spender,2027,111254.45,2002.58
4502539526809429801,Mid Spender,1504,110050.7,1980.91
4384910379661778,Mid Spender,1513,109311.83,1967.61
4239552724014407,Mid Spender,1542,109192.68,1965.47
6011542681743618,Mid Spender,2079,109147.8,1964.66
30235268718158,Mid Spender,1524,108938.77,1960.9
2286236465059468,Mid Spender,1513,108026.64,1944.48
376656886990758,Mid Spender,1537,107956.91,1943.22
4155021259183870,Mid Spender,2022,107615.15,1937.07
375082648741747,Mid Spender,2048,107501.79,1935.03
38295635583927,Mid Spender,2038,107064.7,1927.16
676173792455,Mid Spender,1538,107049.69,1926.89
6011399591920186,Mid Spender,2023,106041.46,1908.75
4247921790666,Mid Spender,1541,105801.55,1904.43
3512365128314616,Mid Spender,2005,105670.07,1902.06
4469777115158234880,Mid Spender,2049,105623.0,1901.21
5559857416065248,Mid Spender,1551,105566.71,1900.2
4683520018489354,Mid Spender,1530,105335.41,1896.04
4727244663135968,Mid Spender,1560,105218.38,1893.93
675990301623,Mid Spender,2027,105194.17,1893.5
3514897282719543,Mid Spender,1496,104524.46,1881.44
577588686219,Mid Spender,1494,104313.8,1877.65
3523843138706408,Mid Spender,2041,104220.0,1875.96
3540075240003197,Mid Spender,2028,104208.09,1875.75
30343344410970,Mid Spender,1516,104096.85,1873.74
374125201044065,Mid Spender,1534,103435.58,1861.84
2348245054386329,Mid Spender,1552,103421.3,1861.58
630425673344,Mid Spender,1547,103377.4,1860.79
4186530744674,Mid Spender,1572,103352.56,1860.35
4550599031376731,Mid Spender,1529,103224.88,1858.05
4488258847705225890,Mid Spender,1548,102780.29,1850.05
4220345354880,Mid Spender,1545,102719.48,1848.95
2233882705243596,Mid Spender,1571,102337.93,1842.08
3552581383553463,Mid Spender,1543,102104.15,1837.87
6011366578560244,Mid Spender,2044,101964.16,1835.35
5596347693144598,Mid Spender,1508,101959.25,1835.27
3501942333500073,Mid Spender,2052,101959.27,1835.27
4302475216404898,Mid Spender,1533,101892.72,1834.07
501802953619,Mid Spender,1552,101855.91,1833.41
5130484058948421,Mid Spender,1014,101368.28,1824.63
180065479077096,Mid Spender,1534,101272.2,1822.9
2269768987945882,Mid Spender,1567,101259.33,1822.67
2291163933867244,Mid Spender,1549,101221.39,1821.99
3586955669388457,Mid Spender,1023,101158.51,1820.85
583699482621,Mid Spender,1505,100972.57,1817.51
213154573301411,Mid Spender,1040,100703.27,1812.66
372382441451095,Mid Spender,1527,100683.42,1812.3
30082025922891,Mid Spender,1541,100530.82,1809.55
3558652751678952,Mid Spender,1515,100462.34,1808.32
4292902571056973207,Mid Spender,1504,100392.75,1807.07
213161231269724,Mid Spender,1540,100244.36,1804.4
3549202406645667,Mid Spender,1516,100153.28,1802.76
30290551782700,Mid Spender,1522,100073.92,1801.33
4060579726528237,Mid Spender,1534,100072.07,1801.3
378278619832195,Mid Spender,1546,100020.39,1800.37
6011999606625827,Mid Spender,1508,99811.4,1796.61
345832460465610,Mid Spender,1524,99538.03,1791.68
3598014571045296,Mid Spender,986,99530.0,1791.54
4393520897625,Mid Spender,1026,99452.56,1790.15
571844099986,Mid Spender,1542,99329.33,1787.93
4260128500325,Mid Spender,1448,99107.7,1783.94
4365382885912355,Mid Spender,1027,98941.61,1780.95
3506040590383211,Mid Spender,1010,98492.28,1772.86
4538566639857,Mid Spender,1557,98417.75,1771.52
213173753804333,Mid Spender,1545,98350.27,1770.3
2713913904780408,Mid Spender,1589,98345.9,1770.23
4715741951931168360,Mid Spender,1576,98153.43,1766.76
60422928733,Mid Spender,1519,98140.02,1766.52
343464013864032,Mid Spender,1503,98131.43,1766.37
30033162392091,Mid Spender,1030,98029.4,1764.53
4958589671582726883,Mid Spender,1476,97973.69,1763.53
6011552879910390,Mid Spender,1040,97913.66,1762.45
3525668150756629,Mid Spender,1022,97899.88,1762.2
3566875419572867,Mid Spender,1009,97794.8,1760.31
4355790796238264643,Mid Spender,1494,97668.0,1758.02
4169388510116,Mid Spender,1535,97643.75,1757.59
343668971234893,Mid Spender,1519,97626.16,1757.27
30561214688470,Mid Spender,2098,97255.06,1750.59
30404291151692,Mid Spender,1052,97197.36,1749.55
6547670341037171,Mid Spender,1522,97150.02,1748.7
344342339068828,Mid Spender,1532,97053.98,1746.97
2305336922781618,Mid Spender,1553,96926.56,1744.68
30328384440870,Mid Spender,1538,96858.79,1743.46
4689147265057948423,Mid Spender,1530,96782.72,1742.09
3502377050801561,Mid Spender,1532,96640.38,1739.53
2720830304681674,Mid Spender,1032,96409.33,1735.37
3560697798177746,Mid Spender,1543,96238.11,1732.29
213161293389774,Mid Spender,1471,96060.64,1729.09
6011679934075347,Mid Spender,1516,96054.2,1728.98
501899453424,Mid Spender,1512,95984.92,1727.73
213126662687660,Mid Spender,1523,95964.21,1727.36
213155997615567,Mid Spender,1010,95880.6,1725.85
3519607465576254,Mid Spender,1535,95528.34,1719.51
5501083170975659,Mid Spender,1541,95338.13,1716.09
6011934240159560,Mid Spender,1004,95250.44,1714.51
30153452207526,Mid Spender,1551,95241.31,1714.34
4474324669797121,Mid Spender,1521,95140.67,1712.53
4981132848794,Mid Spender,1525,95104.77,1711.89
6595970453799027,Mid Spender,1548,95004.54,1710.08
343746486082492,Mid Spender,1540,94869.21,1707.65
213102873001603,Mid Spender,1512,94351.64,1698.33
2296006538441789,Mid Spender,2023,94236.93,1696.26
341546199006537,Mid Spender,1553,94182.61,1695.29
3559723917628303,Mid Spender,1010,94141.57,1694.55
568279015842,Mid Spender,1061,94137.61,1694.48
5580563567307107,Mid Spender,1040,94072.9,1693.31
4208110975550360171,Mid Spender,1026,94064.3,1693.16
180072527505094,Mid Spender,1509,94059.02,1693.06
347073228412010,Mid Spender,1043,94048.33,1692.87
3533800906065217,Mid Spender,1499,93925.0,1690.65
4102003771126577611,Mid Spender,1515,93750.85,1687.52
36721445180895,Mid Spender,1520,93405.06,1681.29
6511349151405438,Mid Spender,1541,93257.83,1678.64
213163860545705,Mid Spender,1018,92788.9,1670.2
4800395067176717,Mid Spender,1532,92771.77,1669.89
4488941175228467,Mid Spender,1031,92748.65,1669.48
373043435942726,Mid Spender,1040,92672.52,1668.11
4710826438164847414,Mid Spender,1533,92519.62,1665.35
6573561108825071,Mid Spender,1517,92482.73,1664.69
372246459334925,Mid Spender,1558,92035.24,1656.63
4210078554961359092,Mid Spender,1541,91968.38,1655.43
3547574373318979,Mid Spender,1545,91916.21,1654.49
3547560454237873,Mid Spender,1539,91849.35,1653.29
639046421587,Mid Spender,1003,91754.31,1651.58
4066595222529,Mid Spender,1519,91524.03,1647.43
3506042666828517,Mid Spender,1525,91487.85,1646.78
4128027264554082,Mid Spender,1523,91481.96,1646.68
639030014711,Mid Spender,1025,91313.93,1643.65
30560609640617,Mid Spender,1567,91263.85,1642.75
213199865312311,Mid Spender,1504,91220.28,1641.97
3543299015720986,Mid Spender,997,91213.39,1641.84
4342532437704183,Mid Spender,1532,90870.54,1635.67
675909898057,Mid Spender,1006,90860.56,1635.49
5104807169438134,Mid Spender,1025,90738.03,1633.28
503848303379,Mid Spender,1537,90730.71,1633.15
213195754007681,Mid Spender,1515,90649.15,1631.68
374656033243756,Mid Spender,1527,90599.22,1630.79
30263540414123,Mid Spender,1504,90426.53,1627.68
30150717898388,Mid Spender,1523,90408.59,1627.35
4477156602511939689,Mid Spender,1037,90215.57,1623.88
4570636521433188,Mid Spender,1025,90164.46,1622.96
4119762878330989,Mid Spender,1519,90077.57,1621.4
4890424426862856940,Mid Spender,1488,89990.03,1619.82
5388659976630693,Mid Spender,1543,89917.98,1618.52
30518206766474,Mid Spender,1505,89810.88,1616.6
4783226709001,Mid Spender,1546,89714.31,1614.86
4585132874641,Mid Spender,1523,89495.99,1610.93
213175487106448,Mid Spender,1540,89469.36,1610.45
213174467670432,Mid Spender,1513,89420.51,1609.57
213125815021702,Mid Spender,1545,89166.08,1604.99
3517527805128735,Mid Spender,1515,89129.95,1604.34
375848982312810,Mid Spender,1514,89046.59,1602.84
4379260813815979609,Mid Spender,1557,88880.64,1599.85
4067137330196900,Mid Spender,1526,88740.6,1597.33
4482427013979020,Mid Spender,1529,88620.89,1595.18
4229733778084049,Mid Spender,1557,88521.18,1593.38
3538520143479972,Mid Spender,1542,88514.24,1593.26
213124978348176,Mid Spender,1497,88489.1,1592.8
4292743669224718067,Mid Spender,1565,88388.26,1590.99
3591919803438423,Mid Spender,1526,88351.49,1590.33
213161869125933,Mid Spender,1549,88296.48,1589.34
3504178999463051,Mid Spender,1537,88270.81,1588.87
4989847570577635369,Mid Spender,1007,88195.62,1587.52
3585740823295298,Mid Spender,1544,88157.63,1586.84
180064817343047,Mid Spender,1528,88153.29,1586.76
377654590313960,Mid Spender,1507,88003.28,1584.06
675945690716,Mid Spender,1555,87982.55,1583.69
180084576295055,Mid Spender,1497,87516.26,1575.29
6506982560413523,Mid Spender,1047,86959.61,1565.27
4635330563105903,Mid Spender,1013,86639.44,1559.51
4423489490781412,Mid Spender,1527,86401.14,1555.22
4707867759656333,Mid Spender,1511,86082.72,1549.49
4497451418073897078,Mid Spender,1009,85966.46,1547.4
5152054598359927,Mid Spender,1515,85912.99,1546.43
371009169330125,Mid Spender,1508,85734.93,1543.23
4277232699798846,Mid Spender,1485,85677.27,1542.19
3528407217576457,Mid Spender,992,85483.67,1538.71
676298633337,Mid Spender,1517,85335.99,1536.05
4378993458389626,Mid Spender,1517,85083.64,1531.51
4025612008285111,Mid Spender,1502,84775.55,1525.96
30092964733035,Mid Spender,1052,84424.76,1519.65
36153880429415,Mid Spender,1050,84085.7,1513.54
4810789809665942990,Mid Spender,1531,83813.1,1508.64
30103132002433,Mid Spender,1024,83649.4,1505.69
6544734391390261,Mid Spender,1526,83358.48,1500.45
4048508450704760,Mid Spender,1540,83194.65,1497.5
60416207185,Mid Spender,1509,83143.74,1496.59
4607072969078276,Mid Spender,1519,83122.77,1496.21
3575540972310993,Mid Spender,1526,83023.38,1494.42
4761403817546679245,Mid Spender,1553,83004.06,1494.07
4742883543039288059,Mid Spender,1520,82676.95,1488.19
6011492816282597,Mid Spender,1551,82347.89,1482.26
4294040533480516,Mid Spender,1543,82337.53,1482.08
3585052663373890,Mid Spender,1021,82117.88,1478.12
6592861994408652,Mid Spender,1500,82075.3,1477.36
30266994494236,Mid Spender,1507,81863.49,1473.54
3506592072985012,Mid Spender,1547,81234.47,1462.22
30143535920989,Mid Spender,1503,80584.43,1450.52
38947654498698,Mid Spender,1493,80109.17,1441.97
3529597810116815,Mid Spender,1506,79956.0,1439.21
2222001896600109,Mid Spender,1524,79679.49,1434.23
378904938837132,Mid Spender,1535,79674.02,1434.13
30364087349027,Mid Spender,1511,79299.93,1427.4
3592931352252641,Mid Spender,998,78567.16,1414.21
38057513087029,Mid Spender,1501,77442.26,1393.96
3518758680062249,Mid Spender,1488,76738.08,1381.29
4973530368125489546,Mid Spender,1030,76137.15,1370.47
3554849923339851,Mid Spender,1023,73744.5,1327.4
213191402330021,Mid Spender,1571,73737.51,1327.28
4306586894261180,Mid Spender,1010,73400.12,1321.2
4505383113689,Mid Spender,1008,72668.28,1308.03
3565196229855512,Mid Spender,1016,72508.12,1305.15
213153151785052,Mid Spender,1544,72392.82,1303.07
30427035050508,Mid Spender,1013,71705.57,1290.7
6011252220172077,Mid Spender,994,71643.54,1289.58
4255397449664185994,Mid Spender,1025,70981.44,1277.67
4629451965224809,Mid Spender,1515,70598.99,1270.78
379897244598068,Mid Spender,1041,70389.31,1267.01
4070511711385545,Mid Spender,978,69950.72,1259.11
30546453310167,Mid Spender,1000,69899.01,1258.18
4306630852918,Mid Spender,1022,69751.95,1255.54
676245600876,Mid Spender,1024,69704.71,1254.68
348379466427142,Mid Spender,1018,69498.74,1250.98
3567527758368741,Mid Spender,1006,69335.38,1248.04
4045036286570100739,Mid Spender,1000,69114.92,1244.07
4451438912406400,Mid Spender,987,69059.12,1243.06
377895991033232,Mid Spender,1022,68975.22,1241.55
4658117080136,Mid Spender,996,68943.42,1240.98
6596735789587928,Mid Spender,1022,68864.07,1239.55
377550167323848,Mid Spender,1036,68763.18,1237.74
4969856774088583,Mid Spender,1018,68644.34,1235.6
502049568400,Mid Spender,1027,68574.01,1234.33
4788103653396,Mid Spender,994,68484.64,1232.72
180046617132290,Mid Spender,1024,68061.34,1225.1
4740713119940984,Mid Spender,1051,67901.35,1222.22
3520550088202337,Mid Spender,970,67772.1,1219.9
6011360759745864,Mid Spender,1037,67760.65,1219.69
4390966588600992777,Mid Spender,1023,67713.35,1218.84
4471568287204,Mid Spender,1050,67651.48,1217.73
60490596305,Mid Spender,1000,67535.97,1215.65
376262134119629,Mid Spender,1020,67487.97,1214.78
371284424780634,Mid Spender,1028,67378.83,1212.82
4254074738931278,Mid Spender,1011,67253.78,1210.57
4839043708100390,Mid Spender,993,66970.67,1205.47
2720894374956739,Mid Spender,1028,66783.97,1202.11
4497913965512794052,Mid Spender,1029,66320.28,1193.77
4599285557366057,Mid Spender,972,66229.55,1192.13
3528231451607350,Mid Spender,1047,66081.09,1189.46
4427805710168,Mid Spender,1538,66059.67,1189.07
4312133045694601139,Mid Spender,1030,66027.06,1188.49
180046765320457,Mid Spender,1006,65968.97,1187.44
340103199302564,Mid Spender,1037,65725.54,1183.06
2719496466799416,Mid Spender,1027,65648.2,1181.67
180014262259255,Mid Spender,1007,65617.32,1181.11
180046165512893,Mid Spender,1046,65509.08,1179.16
4562827002127,Mid Spender,1058,65498.64,1178.98
4383521454815,Mid Spender,1030,65436.09,1177.85
376012912828093,Mid Spender,1012,65327.34,1175.89
30143713661454,Mid Spender,1036,65316.38,1175.69
343472729187663,Mid Spender,1017,65292.96,1175.27
4220495028289516646,Mid Spender,1016,65282.62,1175.09
371985236239474,Mid Spender,1010,65178.73,1173.22
3519232971341141,Mid Spender,1032,65174.65,1173.14
180017442990269,Mid Spender,1036,65158.41,1172.85
4428780983793657331,Mid Spender,998,65133.0,1172.39
676118385837,Mid Spender,1016,65120.06,1172.16
2248348993063230,Mid Spender,1001,64959.45,1169.27
180069253480336,Mid Spender,1006,64891.74,1168.05
2657850734909997,Mid Spender,1016,64860.43,1167.49
2512312531485080,Mid Spender,1032,64717.08,1164.91
6528911529051375,Mid Spender,1048,64603.4,1162.86
6011603272871604,Mid Spender,1025,64592.32,1162.66
343819048608995,Mid Spender,1045,64559.55,1162.07
370818583810103,Mid Spender,995,64514.83,1161.27
4018105808392773675,Mid Spender,1007,64473.2,1160.52
4225990116481262579,Mid Spender,1032,64381.29,1158.86
3513506355699497,Mid Spender,1054,64291.24,1157.24
2256234701263057,Mid Spender,1028,64209.59,1155.77
4822367783500458,Mid Spender,998,64080.15,1153.44
4266200684857219,Mid Spender,1012,63878.96,1149.82
4003771737807706,Mid Spender,1004,63873.41,1149.72
213113028819344,Mid Spender,1022,63821.96,1148.8
6011681934117244,Mid Spender,1028,63713.7,1146.85
6524376634971418,Mid Spender,1017,63687.87,1146.38
6011382886333463,Mid Spender,984,63681.77,1146.27
3558881852140592,Mid Spender,1043,63535.6,1143.64
30242921189660,Mid Spender,1028,63523.23,1143.42
4195740185974,Mid Spender,1023,63451.69,1142.13
3597926034019603,Mid Spender,1049,63416.41,1141.5
6540981358631302,Mid Spender,1026,63383.97,1140.91
370348764075623,Mid Spender,1000,63052.14,1134.94
4259996134423,Mid Spender,1013,63029.14,1134.52
341283058448499,Low Spender,1046,63007.03,1134.13
4410582919485061752,Low Spender,1013,62974.69,1133.54
6592243974328236,Low Spender,1005,62973.35,1133.52
378858024506425,Low Spender,1035,62961.83,1133.31
4599735407877245080,Low Spender,1000,62913.56,1132.44
4897067971111209737,Low Spender,1026,62864.96,1131.57
6011917798331152,Low Spender,1002,62778.59,1130.01
371034293500716,Low Spender,1018,62751.09,1129.52
6011305591981276,Low Spender,1019,62724.01,1129.03
6011626928491360,Low Spender,1021,62709.22,1128.77
4957924165498,Low Spender,1033,62387.89,1122.98
580954173374,Low Spender,1024,62385.2,1122.93
4670613943676271,Low Spender,1019,62311.92,1121.61
180081032825079,Low Spender,1034,62145.04,1118.61
4561892980175,Low Spender,1008,62052.96,1116.95
4601636330889,Low Spender,993,61741.59,1111.35
3597337756918966,Low Spender,1018,61669.96,1110.06
3534718226968689,Low Spender,1012,61504.9,1107.09
2356276337669917,Low Spender,1006,61311.25,1103.6
4311368326621416041,Low Spender,1034,61289.06,1103.2
3565423334076143,Low Spender,1033,61286.79,1103.16
4922710831011201,Low Spender,997,61270.26,1102.86
213120463918358,Low Spender,1034,61259.42,1102.67
4358137750029944984,Low Spender,1046,61237.41,1102.27
30344654314976,Low Spender,1014,61145.34,1100.62
213114122496591,Low Spender,1017,61052.24,1098.94
3562679455732797,Low Spender,1028,60867.88,1095.62
3573386445588324,Low Spender,1024,60812.64,1094.63
30376238035123,Low Spender,1032,60703.2,1092.66
4961003488432306,Low Spender,1026,60659.69,1091.87
4952583804639909,Low Spender,992,60607.78,1090.94
4509922033272157,Low Spender,1035,60608.0,1090.94
6550399784335736,Low Spender,1017,60565.29,1090.18
676248282243,Low Spender,1018,60358.0,1086.44
4467456915153312231,Low Spender,1018,60333.41,1086.0
3564182536169293,Low Spender,1003,59993.09,1079.88
4651007077623147,Low Spender,1028,59682.33,1074.28
345060451158891,Low Spender,1022,59524.34,1071.44
3517814635263522,Low Spender,1010,59232.45,1066.18
4710792708725663,Low Spender,1014,59201.94,1065.63
375904527651269,Low Spender,1009,59093.35,1063.68
3533177016567295,Low Spender,1027,58988.14,1061.79
501831082224,Low Spender,1018,58975.92,1061.57
4657269323674365,Low Spender,1018,58755.65,1057.6
2285066385084291,Low Spender,1011,58705.04,1056.69
4006047418382,Low Spender,999,58677.65,1056.2
30248898834493,Low Spender,1016,58464.64,1052.36
676148621961,Low Spender,1020,58364.29,1050.56
5456712664803820,Low Spender,1024,58259.94,1048.68
4104312520615374,Low Spender,1014,58222.95,1048.01
4239436242473,Low Spender,1037,58218.83,1047.94
4996263498048679,Low Spender,1024,58177.13,1047.19
4859525594182537,Low Spender,1028,58129.96,1046.34
30487648872433,Low Spender,1029,58114.9,1046.07
4428154703770710,Low Spender,1041,57957.32,1043.23
374238209524200,Low Spender,1032,57736.87,1039.26
30371006069917,Low Spender,1005,57617.05,1037.11
6011231546538393,Low Spender,1037,57388.84,1033.0
341542810616333,Low Spender,1005,56944.93,1025.01
4129767952109660,Low Spender,1031,56911.06,1024.4
4917187576956394,Low Spender,985,56895.84,1024.13
3546674063249004,Low Spender,1023,56694.36,1020.5
3563837241599446,Low Spender,1014,56340.33,1014.13
3599237318576484,Low Spender,1046,56213.58,1011.84
4063094974360571498,Low Spender,992,55932.1,1006.78
4933461930348832,Low Spender,1009,55457.89,998.24
3577794103155425,Low Spender,998,55381.0,996.86
3583293909206278,Low Spender,1011,55138.7,992.5
180056173248083,Low Spender,1021,55085.78,991.54
4481131401752,Low Spender,1024,54942.32,988.96
3508104404056005,Low Spender,1028,54542.21,981.76
4279161831637,Low Spender,993,54297.57,977.36
60423098130,Low Spender,500,54075.55,973.36
371284100299909,Low Spender,1010,52932.84,952.79
676309913934,Low Spender,1038,52724.65,949.04
213186334552049,Low Spender,1028,52696.35,948.53
4561368699336875,Low Spender,1032,52467.63,944.42
3529597930342630,Low Spender,1022,52362.38,942.52
2450829271795901,Low Spender,1029,51899.05,934.18
4661996144291811856,Low Spender,1015,51877.56,933.8
30408301059761,Low Spender,511,51709.98,930.78
213186880359195,Low Spender,526,51618.22,929.13
4518350514020532,Low Spender,1006,51155.92,920.81
4653178848915023204,Low Spender,999,51016.88,918.3
6501313409525696,Low Spender,531,50799.55,914.39
4713464490314802,Low Spender,533,50756.25,913.61
676275912597,Low Spender,529,50631.83,911.37
6502195877055606,Low Spender,513,50346.47,906.24
60427851591,Low Spender,514,49483.82,890.71
6011381817520024,Low Spender,988,49288.72,887.2
2454076758463217,Low Spender,521,49153.96,884.77
581508178315,Low Spender,503,48899.14,880.18
4555104582813474,Low Spender,491,48881.36,879.86
213107169859697,Low Spender,514,48657.73,875.84
4244953610136705533,Low Spender,516,48605.65,874.9
6011149206456997,Low Spender,523,48527.26,873.49
3576281490078437,Low Spender,516,48451.08,872.12
630471368021,Low Spender,519,48297.99,869.36
4501449508569485,Low Spender,506,47974.2,863.54
2610529083834453,Low Spender,523,47905.37,862.3
4492491748959010,Low Spender,499,47888.49,861.99
4026222041577,Low Spender,522,47702.77,858.65
4308156300921054,Low Spender,495,47651.09,857.72
4666314527820883145,Low Spender,509,47555.44,856.0
675961917837,Low Spender,540,47073.26,847.32
3550554389581384,Low Spender,519,46945.52,845.02
4103158249977,Low Spender,506,46891.42,844.05
676314217768,Low Spender,522,46818.29,842.73
4879265611163287,Low Spender,508,46711.76,840.81
3554818239968984,Low Spender,511,46657.7,839.84
3579200383632826,Low Spender,519,46174.77,831.15
378006354724784,Low Spender,514,46140.49,830.53
565399283797,Low Spender,510,46019.62,828.35
5154903938030655,Low Spender,514,45783.16,824.1
2227671554547514,Low Spender,529,45763.41,823.74
213198837352314,Low Spender,488,45634.72,821.42
4348786085525522,Low Spender,495,45310.39,815.59
3540017235499519,Low Spender,512,44850.75,807.31
180068353086472,Low Spender,500,44667.61,804.02
6592074504369261,Low Spender,485,44421.9,799.59
676234256292,Low Spender,498,44295.68,797.32
4433091568498503,Low Spender,501,44096.59,793.74
2268221587779419,Low Spender,500,44063.55,793.14
30011465039817,Low Spender,501,43939.45,790.91
180084695172649,Low Spender,497,43605.26,784.89
6593939509150446,Low Spender,501,43100.12,775.8
4226219726886852999,Low Spender,505,41741.39,751.35
36192615525683,Low Spender,494,41601.65,748.83
4725837176265195730,Low Spender,501,41474.15,746.53
676326610042,Low Spender,489,41451.36,746.12
38544312728630,Low Spender,518,40982.45,737.68
4044436772018844508,Low Spender,510,40733.29,733.2
2358122155477959,Low Spender,536,40581.05,730.46
3581130339108561,Low Spender,511,39798.32,716.37
3541554378551366,Low Spender,532,37963.13,683.34
4789911625179723,Low Spender,488,37864.26,681.56
346208242862904,Low Spender,519,37384.67,672.92
6011393492413821,Low Spender,512,36735.49,661.24
3583093681934489,Low Spender,510,36543.69,657.79
4116554952971686,Low Spender,504,36483.95,656.71
6526448584969862,Low Spender,511,36444.11,655.99
4425161475596168,Low Spender,506,36411.49,655.41
6011477612335392,Low Spender,534,36324.93,653.85
30434173205605,Low Spender,493,36189.97,651.42
4412720572684931,Low Spender,517,36160.38,650.89
30360260465747,Low Spender,507,36058.96,649.06
4600155880464,Low Spender,528,35971.03,647.48
4725673654161314,Low Spender,515,35739.74,643.32
377834944388609,Low Spender,495,35451.83,638.13
375237305371366,Low Spender,526,35441.49,637.95
342035762534413,Low Spender,499,35392.82,637.07
2284059275940012,Low Spender,503,35213.91,633.85
3513285035244624,Low Spender,517,34996.28,629.93
30570197515105,Low Spender,507,34828.42,626.91
3561212938177173,Low Spender,518,34580.32,622.45
3572976568630035,Low Spender,525,34573.52,622.32
2280870154157385,Low Spender,520,34526.02,621.47
3557442674264531,Low Spender,472,34477.89,620.6
4440581794652,Low Spender,516,34325.94,617.87
4124536010991657,Low Spender,516,34239.33,616.31
3501365119557234,Low Spender,490,34208.98,615.76
6526777409109795,Low Spender,488,34152.73,614.75
4633065159406313,Low Spender,535,34071.91,613.29
213113338379864,Low Spender,505,33964.14,611.35
6526955903501879,Low Spender,531,33939.53,610.91
6011706277606006,Low Spender,518,33920.27,610.56
374821819075109,Low Spender,488,33842.74,609.17
2260801330657968,Low Spender,510,33634.35,605.42
6539653032686894,Low Spender,546,33527.0,603.49
3536918668124647,Low Spender,510,33497.85,602.96
30373802285317,Low Spender,520,33391.92,601.05
3530503964418806,Low Spender,507,33376.17,600.77
2714019737356678,Low Spender,471,33364.35,600.56
4610064888664703,Low Spender,469,33239.08,598.3
501882822387,Low Spender,506,33222.23,598.0
6011581063717667,Low Spender,503,33158.89,596.86
38859492057661,Low Spender,503,33132.63,596.39
4807552641361,Low Spender,506,33128.89,596.32
4171397999167005,Low Spender,501,32957.15,593.23
3598895972308782,Low Spender,496,32839.88,591.12
501828204849,Low Spender,507,32811.85,590.61
3598634130286287,Low Spender,507,32635.67,587.44
4767265376804500,Low Spender,545,32630.45,587.35
3562264947797243,Low Spender,511,32629.03,587.32
4986925034905735,Low Spender,496,32598.61,586.77
30518196150127,Low Spender,496,32589.25,586.61
4134456652433447,Low Spender,510,32540.84,585.74
2235335206132667,Low Spender,510,32508.79,585.16
4980323467523543940,Low Spender,522,32392.03,583.06
377264520876399,Low Spender,512,32372.08,582.7
6569097840281287,Low Spender,489,32279.52,581.03
3531606252458308,Low Spender,508,32238.65,580.3
639095706599,Low Spender,532,32169.58,579.05
36890292963032,Low Spender,499,32157.32,578.83
4396682467723,Low Spender,516,32151.9,578.73
4798937978667559470,Low Spender,503,32088.34,577.59
573283817795,Low Spender,533,32073.66,577.33
4682744518117239,Low Spender,504,32011.04,576.2
2318062975163331,Low Spender,497,32010.18,576.18
180094608895855,Low Spender,506,32008.76,576.16
3576144910346950,Low Spender,531,31861.77,573.51
3544606805704278,Low Spender,519,31811.1,572.6
2231186809828225,Low Spender,526,31764.64,571.76
6011975266774121,Low Spender,525,31759.77,571.68
2274911989136158,Low Spender,502,31597.1,568.75
4972228199573984,Low Spender,499,31576.46,568.38
676308307625,Low Spender,507,31512.57,567.23
4260059589824237,Low Spender,496,31433.48,565.8
3542162746848552,Low Spender,509,31262.13,562.72
3592325941359225,Low Spender,495,31249.14,562.48
4209696857872688515,Low Spender,516,31078.85,559.42
6011948324228984,Low Spender,518,31078.15,559.41
180058696935600,Low Spender,472,31022.49,558.4
376944481517097,Low Spender,520,30997.21,557.95
6535328428560433,Low Spender,491,30912.4,556.42
2224100459250597,Low Spender,487,30910.05,556.38
38014427445058,Low Spender,516,30856.91,555.42
3560246577314524,Low Spender,511,30812.14,554.62
3565414434959494,Low Spender,520,30736.71,553.26
3566373869538620,Low Spender,497,30703.33,552.66
560881134780,Low Spender,503,30699.88,552.6
4687263141103,Low Spender,509,30680.07,552.24
3527063666782582,Low Spender,501,30576.82,550.38
6523180720198790,Low Spender,502,30555.29,550.0
3537797820923602,Low Spender,510,30475.34,548.56
3511058278399773,Low Spender,511,30471.9,548.49
4195832462863385,Low Spender,524,30448.8,548.08
3577596616955856,Low Spender,511,30395.07,547.11
4158758517677931,Low Spender,506,30379.91,546.84
4179719215697782,Low Spender,507,30332.88,545.99
36360452125889,Low Spender,511,30286.64,545.16
348253506557335,Low Spender,504,30219.51,543.95
3565943051129759,Low Spender,482,30195.98,543.53
379141394109214,Low Spender,496,30139.89,542.52
3595111028444131,Low Spender,506,29956.2,539.21
3597980945245815,Low Spender,511,29947.43,539.05
3500165543009955,Low Spender,503,29910.82,538.39
4462038234743679432,Low Spender,485,29663.27,533.94
30510856607165,Low Spender,526,29594.88,532.71
4855853415727304322,Low Spender,499,29548.36,531.87
60495593109,Low Spender,518,29523.69,531.43
3577663406369449,Low Spender,497,29511.58,531.21
4914700582394237,Low Spender,508,29460.62,530.29
3582402971899057,Low Spender,506,29366.85,528.6
6597248210463122,Low Spender,503,29106.9,523.92
4756039869079882102,Low Spender,528,29044.4,522.8
4605902936394,Low Spender,508,29018.3,522.33
570273151375,Low Spender,509,29003.12,522.06
2288748891690227,Low Spender,507,28987.26,521.77
676292294938,Low Spender,511,28943.57,520.98
2229824890647120,Low Spender,514,28939.32,520.91
4698163635895795,Low Spender,504,28917.36,520.51
639077309909,Low Spender,498,28862.5,519.53
30181367542315,Low Spender,519,28788.9,518.2
6011197122270059,Low Spender,506,28712.67,516.83
4760122961662,Low Spender,495,28646.67,515.64
180040027502291,Low Spender,491,28338.52,510.09
180047222886866,Low Spender,487,28335.43,510.04
4917226033950,Low Spender,507,28333.72,510.01
36581538659449,Low Spender,510,28329.43,509.93
3593399694467427,Low Spender,511,28317.3,509.71
3565996340207976,Low Spender,528,28251.21,508.52
4878364946692291,Low Spender,481,28205.11,507.69
30357372465631,Low Spender,516,28096.97,505.75
5127412150261034,Low Spender,505,27940.48,502.93
6515067575568369,Low Spender,510,27919.05,502.54
213186551511454,Low Spender,505,27817.82,500.72
3560336828629935,Low Spender,524,27785.86,500.15
3534093764340240,Low Spender,478,27778.53,500.01
213136802746375,Low Spender,470,27756.9,499.62
2222157926772399,Low Spender,510,27677.16,498.19
4824023901222438,Low Spender,500,27349.33,492.29
6564459919350820,Low Spender,513,27344.85,492.21
30446018552504,Low Spender,519,27130.85,488.36
30491348102802,Low Spender,504,26992.04,485.86
371683116218417,Low Spender,503,26959.86,485.28
4764202053279782,Low Spender,508,26863.44,483.54
346243940647414,Low Spender,482,26771.65,481.89
5410056176712193,Low Spender,490,26607.79,478.94
571314334723,Low Spender,496,26553.18,477.96
373213026644490,Low Spender,523,26524.95,477.45
3540862542587229,Low Spender,513,26522.14,477.4
630412733309,Low Spender,508,26180.48,471.25
3541687240161491,Low Spender,481,26131.99,470.38
4110266553600176127,Low Spender,502,26030.57,468.55
342360239917375,Low Spender,489,25989.25,467.81
4426075337087318654,Low Spender,490,25945.7,467.02
30541100351706,Low Spender,518,25879.67,465.83
30596478689301,Low Spender,506,25809.81,464.58
4806443445305,Low Spender,508,25807.55,464.54
5289285402893489,Low Spender,496,25785.02,464.13
4874006077381178,Low Spender,500,25496.6,458.94
3576511691045060,Low Spender,511,25371.39,456.69
60487002085,Low Spender,496,25160.11,452.88
30042378430132,Low Spender,498,25032.79,450.59
3536818734263520,Low Spender,498,24928.92,448.72
4228411452607671,Low Spender,529,24772.74,445.91
3551512895305309,Low Spender,486,24607.0,442.93
347612609554823,Low Spender,506,24304.74,437.49
4189814094741,Low Spender,490,22460.7,404.29
4373370572092720777,Low Spender,485,22403.51,403.26
4335531783520911,Low Spender,501,22403.39,403.26
4158008602445,Low Spender,516,22273.8,400.93
